<?xml version="1.0" encoding="UTF-8"?>
<project-private xmlns="http://www.netbeans.org/ns/project-private/1">
    <editor-bookmarks xmlns="http://www.netbeans.org/ns/editor-bookmarks/2" lastBookmarkId="0"/>
    <open-files xmlns="http://www.netbeans.org/ns/projectui-open-files/2">
        <group>
            <file>file:/C:/Users/hoand/Documents/NetBeansProjects/Library/src/DAO/authorDAO.java</file>
            <file>file:/C:/Users/hoand/Documents/NetBeansProjects/Library/src/view/FrmMenu.java</file>
            <file>file:/C:/Users/hoand/Documents/NetBeansProjects/Library/src/DAO/borrowDAO.java</file>
            <file>file:/C:/Users/hoand/Documents/NetBeansProjects/Library/src/model/borrow.java</file>
            <file>file:/C:/Users/hoand/Documents/NetBeansProjects/Library/src/view/FrmAuthor.java</file>
            <file>file:/C:/Users/hoand/Documents/NetBeansProjects/Library/src/view/FrmCate.java</file>
            <file>file:/C:/Users/hoand/Documents/NetBeansProjects/Library/src/view/FrmBorrowAdd.java</file>
            <file>file:/C:/Users/hoand/Documents/NetBeansProjects/Library/src/DAO/categoryDAO.java</file>
        </group>
    </open-files>
</project-private>
